id	name	starring
/m/014bpd	Heavy Metal	
/m/015vlf	It's a Good Life	
/m/0160hh	Punch Drunks	
/m/016dj8	Men in Black	/m/02661h,/m/0gn30
/m/01d2v1	Ghostbusters	
/m/01xrr2_	Jersey Girl	/m/0147dk,/m/0309lm
/m/026y_nt	Jiminy Glick in Lalawood	
/m/027mb9h	The Invincible Iron Man	
/m/02q3fdr	Ponyo	/m/0154qm,/m/025mb_
/m/02qzh2	Jersey Girl	
/m/02ryz24	Tropic Thunder	/m/02mjf2,/m/0194r1,/m/01qkwf8
/m/02t_h3	Shaun of the Dead	
/m/02wm84	Win a Date with Tad Hamilton!	
/m/02x3lt7	Hannah Montana: The Movie	
/m/02x8fs	Ghostbusters II	
/m/02y_jm3	Japan	
/m/031t2d	Men in Black II	
/m/031txz	The Devil's Own	
/m/034qmv	Around the World in 80 Days	
/m/03b92p	Taking Lives	
/m/03c_lhp	Fool's Gold	
/m/03ck042	Hannah Montana & Miley Cyrus: Best of Both Worlds Concert	
/m/03cxy5g	Beast of Burden	
/m/03gwfpc	Men in Black	
/m/03h3x5	Looney Tunes: Back in Action	
/m/03hp2y1	The Soloist	/m/0309lm,/m/0k6nymn
/m/03jksy	Indecent Proposal	
/m/03lrht	The Cable Guy	
/m/03mhm8z	The Iron Man	
/m/03pkmt	Land of the Dead	
/m/03sb0b	What About Bob?	
/m/03yktl6	Around the World in 80 Days	
/m/043plhx	Iron Man	/m/0flw6,/m/016z2j
/m/047419	Bulletproof	
/m/04954r	Around the World in Eighty Days	
/m/04_5cdk	WC	
/m/04fy4p7	Blonde	
/m/04htwd	Weekend at Bernie's II	
/m/04j07qg	Tripping the Rift: The Movie	
/m/04j25tz	On Valentine's Day	
/m/04kwxf	Weekend at Bernie's	
/m/04p5x8	Six-String Samurai	
/m/04qbts	The Replacement Killers	
/m/04x3kb	Lovers and Other Strangers	/m/0194r1,/m/0gn30
/m/04xnsh	Saving Silverman	
/m/04xq8n	Continental Divide	
/m/04yfcdd	The Spy Next Door	
/m/057hp_	The Whole Wide World	
/m/05m0x0	Tetsuo: The Iron Man	
/m/05n56k0	Paradox	
/m/05pdclg	The World's End	
/m/05pw_rq	Sex Academy 5: The Art of Pulp Fiction	
/m/05qbckf	Iron Man 2	
/m/05zntwr	Morning Glory	
/m/05zqxpt	Alpha and Omega	
/m/062zm5h	The Avengers	
/m/064j_6f	Badge 373	
/m/064qvcw	Wizards on Deck With Hannah Montana	
/m/0661m4p	Men in Black 3	
/m/069y0k	Saving Ryan's Privates	
/m/06_w9f	Out to Sea	
/m/06_wqk4	Valentine's Day	/m/0dl567,/m/0g4jm8q
/m/06k1j_	The Celluloid Closet	
/m/06n1q3	The St. Valentine's Day Massacre	
/m/06n4_l	Message in a Bottle	
/m/06w6nzk	I Hate Valentine's Day	
/m/06y61g	Doctor Detroit	
/m/06zq889	Tetsuo: The Bullet Man	
/m/075q925	Final Cut	
/m/07f_t4	300	
/m/07h115	Hollywood Homicide	
/m/07k9wxd	The Lorax	/m/025mb_,/m/03gq433,/m/06z43y,/m/01qkwf8
/m/080j6g3	Random Hearts	
/m/087wc7n	The Lorax	
/m/089hy5	The Final Programme	
/m/08gcdh	Formosa	
/m/08k40m	Hot Fuzz	/m/01nfys,/m/0154qm
/m/08q72t	The Original Kings of Comedy	
/m/09_3py	My Bloody Valentine	
/m/09c8l0	0.357	
/m/09gkn8b	Monsters Crash the Pajama Party	
/m/09v8nj1	Last of the Red Hot Lovers	
/m/0b4gnw	Dragnet	
/m/0bc1yhb	Iron Man 3	
/m/0brs6b	Tetsuo II: Body Hammer	
/m/0bt_8mn	Wildrose	
/m/0bwvwzl	Bucktown	
/m/0byrq2n	The Adults In The Room	
/m/0c1jc8s	Bernie	/m/0g4jm8q,/m/02mjf2
/m/0c8tkt	The Blues Brothers	
/m/0cr_csn	We Shall Not Be Moved	
/m/0cr_h0q	Iron Man Magazine Presents: Swimsuit Spectacular: Vol. 5	
/m/0crrx6z	Stranger: Bernie Worrell on Earth	
/m/0crsbfs	Iron Man Magazine: Critical Mass Bodybuilding Beginner and Intermediate	
/m/0crsf8y	Valor	
/m/0crslqg	Iron Man Pro XVI Bodybuilding Championship 2005	
/m/0crtzl2	Pulp Fiction Art	
/m/0crv80d	Globehunters: An Around the World in 80 Days Adventure	
/m/0crw_2l	Iron Man Magazine Presents: Swimsuit Spectacular: Vol. 8	
/m/0crwvcb	Chinese Iron Man	
/m/0crxrrb	Iron Man Magazine Presents: Swimsuit Spectacular: Vol. 7	
/m/0cryk43	Iron Man Magazine Presents: Swimsuit Spectacular: Vol. 9	
/m/0crzbrv	Around the World in 80 Days	/m/01nfys,/m/0tc7
/m/0crzj48	Disney's Learning Adventures: Mickey's Around the World in 80 Days: Seeing the World	
/m/0cs0c5t	Overlord: A Mighty Host	
/m/0cs4mgt	Bernie Torme: Stratocaster Gypsy: From the Early Days of Gillian	
/m/0cv70gz	Release	
/m/0czd7xd	Elsewhere	
/m/0d67yl	Meet Bill	
/m/0dg69f	What Planet Are You From?	
/m/0djb8hx	Jonas Brothers: The Concert Experience	
/m/0djc9bt	Willy Fog: Around the World in 80 Days	
/m/0djsl1	Cops and Robbersons	
/m/0dks22	Havana	
/m/0dr_9t7	Bernie	
/m/0ds9j2f	Africa United	
/m/0dsc9g3	Freeing Bernie Baran	
/m/0dtzfv	That's So Suite Life of Hannah Montana	
/m/0dzlbx	Iron Man	
/m/0f134rf	On the Way to the Sea	
/m/0f3v53	It Happened at Lakewood Manor	
/m/0f4_l	Pulp Fiction	/m/0f5xn,/m/0f502
/m/0f5tp2	Ben Bernie and All the Lads	
/m/0f_jd3	A River Runs Through It	
/m/0ff0ht	Swamp Thing	
/m/0fhbgk	Three Little Pigskins	
/m/0frkf7	Sugar Town	
/m/0frnrf	Neighbors	
/m/0fvddl	The Return of Swamp Thing	
/m/0gfrzbp	Training Session	
/m/0ghtc6y	Hoy como ayer	
/m/0gkrkb3	An Golden Iron Man	
/m/0gkrvrg	Valentine's Day	
/m/0gksffv	Around the World in 80 Days	
/m/0glz108	Roach	
/m/0gwrffp	WWF St. Valentine's Day Massacre	
/m/0gx8sty	Buffering	
/m/0gxbfy6	Mirror Mirror	
/m/0gxbggr	The Pity Card	
/m/0gy2yyb	Norm of the North	
/m/0gyxjnw	In the Woods	
/m/0h0xjtn	Keeper of the Pinstripes	
/m/0h13hgn	Gaysian Dream	
/m/0h2s57t	5 Souls	
/m/0j46cn3	Valentine's Day	
/m/0jt3mlt	300: Battle of Artemisia	
/m/0kvf7j	Spookley the Square Pumpkin	
/m/0l_jw22	In a Nutshell: A Portrait of Elizabeth Tashjian	
/m/0qm98	Ordinary People	
/m/0yx_w	Rain Man	
/m/0zz10	Primary Colors	/m/02661h,/m/0f502
